演唱会名称,艺人,地点,时间,票价,链接
2024（上海）超级芒果音乐节,艺人：HENRY刘宪华、蒲熠星、陈楚生、遗忘俱乐部、单依纯、孟子坤、威神V、徐子未、颜人中、周峻纬、余景天(Tony)、黄誉博、沈以诚、张超、张星特、蒋芸、王晓佳、Patti蔡宥綺、梁朋杰、井胧、圈9、方书剑、小包zerinn,上海,2024.06.29-06.30,358-688,https://detail.damai.com/item.htm?id=802820198791&clicktitle=2024（上海）超级芒果音乐节
仰韶彩陶坊呈现 张学友60+巡回演唱会 郑州站,艺人：张学友,郑州,2024.06.21-06.30,480-2280,https://detail.damai.com/item.htm?id=800593244233&clicktitle=仰韶彩陶坊呈现 张学友60+巡回演唱会 郑州站
贵阳-Z纪元银河左岸音乐节,艺人：DOUDOU、二手玫瑰、gala、回春丹乐队、旅行团乐队、犬儒、逃跑计划、痛仰乐队、夏日入侵企画、郑钧、陈楚生、队长YoungCaptain、h3R3刘清云、郑润泽、黄誉博、黄子弘凡、郑人予、旅行新蜜蜂乐队、蒲熠星、十个勤天、汪苏泷、魏晨、张星特,贵阳,2024.08.03-08.04,199-1088,https://detail.damai.com/item.htm?id=798960762535&clicktitle=贵阳-Z纪元银河左岸音乐节
Twins Spirit 22 演唱会-重庆站,艺人：Twins,重庆,2024.07.06 周六 19:30,580-1580,https://detail.damai.com/item.htm?id=800701706370&clicktitle=Twins Spirit 22 演唱会-重庆站
黄绮珊「晚霞·不晚」2024巡回演唱会-上海站,艺人：黄绮珊,上海,2024.06.22 周六 19:30,380-1180,https://detail.damai.com/item.htm?id=802811636360&clicktitle=黄绮珊「晚霞·不晚」2024巡回演唱会-上海站
2024张韶涵世界巡回演唱会-遵义站,艺人：张韶涵,遵义,2024.07.05 周五 19:30,380-1280,https://detail.damai.com/item.htm?id=798208651866&clicktitle=2024张韶涵世界巡回演唱会-遵义站
喜力·泡泡岛音乐与艺术节·西南站,艺人：朴树、万能青年旅店、陈粒、新裤子、痛仰乐队、郭顶、陈楚生、橘子海、陈婧霏、木马乐队、麻园诗人、许钧、Fine乐团、闪星TWINKLESTAR、犬儒、假假條、花墙乐队、赵雷、灯诱LampLure,贵阳,2024.06.22-06.23,298-788,https://detail.damai.com/item.htm?id=798382209346&clicktitle=喜力·泡泡岛音乐与艺术节·西南站
精彩2024·LEGEND演唱会,艺人：李健、杨宗纬、潘玮柏,金华,2024.06.14 周五 19:50,299-1580,https://detail.damai.com/item.htm?id=799264042141&clicktitle=精彩2024·LEGEND演唱会
NICE DAY· 滨州青春音乐Live现场,,滨州,2024.07.06 周六 14:00,238-468,https://detail.damai.com/item.htm?id=803086936281&clicktitle=NICE DAY· 滨州青春音乐Live现场
马思唯“黑马季节 Dark Horse Season”巡回演唱会-厦门站,艺人：马思唯,厦门,2024.07.06 周六 19:00,399-999,https://detail.damai.com/item.htm?id=800670836563&clicktitle=马思唯“黑马季节 Dark Horse Season”巡回演唱会-厦门站
2024张韶涵世界巡回演唱会-石家庄站,艺人：张韶涵,石家庄,2024.07.13 周六 19:30,388-1288,https://detail.damai.com/item.htm?id=796169850472&clicktitle=2024张韶涵世界巡回演唱会-石家庄站
2024秦皇岛海洋音乐节（看台对号入座）,艺人：汪峰、沙宝亮、孙楠、王北车、赵照、果味VC,秦皇岛,2024.06.22-06.23,80-280,https://detail.damai.com/item.htm?id=803360701516&clicktitle=2024秦皇岛海洋音乐节（看台对号入座）
2024秦皇岛海洋音乐节（内场站立）,艺人：汪峰、沙宝亮、孙楠、王北车、赵照、果味VC,秦皇岛,2024.06.22-06.23,80-380,https://detail.damai.com/item.htm?id=802418508378&clicktitle=2024秦皇岛海洋音乐节（内场站立）
美依礼芽MARiA 上海演唱会,艺人：美依礼芽、傅颖、龚琳娜,上海,2024.06.15 周六 19:30,280-1080,https://detail.damai.com/item.htm?id=798955682342&clicktitle=美依礼芽MARiA 上海演唱会
完美时刻群星演唱会,艺人：张震岳、张远、房东的猫、李汶翰,济南,2024.07.06 周六 19:30,288-999,https://detail.damai.com/item.htm?id=802498196366&clicktitle=完美时刻群星演唱会
小沈阳2024《我不！是歌手》巡回演唱会--石家庄站,艺人：小沈阳,石家庄,2024.08.17 周六 20:00,380-880,https://detail.damai.com/item.htm?id=799198346573&clicktitle=小沈阳2024《我不！是歌手》巡回演唱会--石家庄站
喜力·泡泡岛音乐与艺术节·东南站,艺人：汪苏泷、孙燕姿、魏晨、陈粒、陈楚生、赵雷、张远、万妮达、魏如萱、张钰琪、金玟岐、陈婧霏、沈以诚、Fine乐团、刘思鉴、HUSH、Crispy脆乐团,福州,2024.06.15-06.16,328-968,https://detail.damai.com/item.htm?id=794975845912&clicktitle=喜力·泡泡岛音乐与艺术节·东南站
2024张韶涵世界巡回演唱会-长春站,艺人：张韶涵,长春,2024.06.21 周五 19:30,388-1388,https://detail.damai.com/item.htm?id=795473290235&clicktitle=2024张韶涵世界巡回演唱会-长春站
徐佳莹「变得有些奢侈的事」巡回演唱会-深圳站,艺人：徐佳莹,深圳,2024.07.06 周六 19:00,380-1380,https://detail.damai.com/item.htm?id=798155964965&clicktitle=徐佳莹「变得有些奢侈的事」巡回演唱会-深圳站
新白娘子传奇30年演唱会（杭州站）,,杭州,2024.07.20 周六 19:30,380-1580,https://detail.damai.com/item.htm?id=798105485450&clicktitle=新白娘子传奇30年演唱会（杭州站）
2024葫芦果音乐节,艺人：毛不易、陈楚生、单依纯、魏晨、陈绮贞、张远、颜人中、夏日入侵企画、郭顶、Fine乐团、黄誉博、橘子海、deca joins、康姆士COM'Z、曹杨、蒲熠星、沈以诚,合肥,2024.07.13-07.14,298-798,https://detail.damai.com/item.htm?id=793632369190&clicktitle=2024葫芦果音乐节
如梦·云SKY大同音乐节,艺人：陈楚生、安达乐队、郭顶、魏晨、房东的猫、丢火车乐队、沈以诚、黄誉博、太帅了花、简单对话、许巍、逃跑计划、岛屿心情、花墙乐队、冷角落,大同,2024.07.27-07.28,229-550,https://detail.damai.com/item.htm?id=796526491590&clicktitle=如梦·云SKY大同音乐节
超级音雄巨星演唱会-重庆站,艺人：王力宏、潘玮柏、张韶涵、萧敬腾,重庆,2024.06.16 周日 19:00,280-1280,https://detail.damai.com/item.htm?id=794227374323&clicktitle=超级音雄巨星演唱会-重庆站
《给所有知道我名字的人》赵传2024巡回演唱会-武汉站,艺人：赵传,武汉,2024.07.06 周六 19:30,380-880,https://detail.damai.com/item.htm?id=800628663334&clicktitle=《给所有知道我名字的人》赵传2024巡回演唱会-武汉站
2024周柏豪「奔赴」世界巡回演唱会-上海站,艺人：周柏豪,上海,2024.06.15 周六 19:30,380-1380,https://detail.damai.com/item.htm?id=795371870553&clicktitle=2024周柏豪「奔赴」世界巡回演唱会-上海站
那年，夏天！时光音悦荟,艺人：王心凌、云朵、叶世荣、游鸿明、邰正宵、梦然,扬州,2024.07.13 周六 19:30,180-980,https://detail.damai.com/item.htm?id=800943257767&clicktitle=那年，夏天！时光音悦荟
2024长春去野音乐节,,长春,2024.06.29-06.30,199-599,https://detail.damai.com/item.htm?id=799327918346&clicktitle=2024长春去野音乐节
南陵大浦“iCAR”海啸音乐嘉年华,艺人：胡彦斌、魏巡、丁当、买辣椒也用券,芜湖,2024.06.15 周六 14:30,238-288,https://detail.damai.com/item.htm?id=802755233457&clicktitle=南陵大浦“iCAR”海啸音乐嘉年华
2024光良“今晚我不孤独2.0”巡回演唱会上海站,艺人：光良,上海,2024.06.22 周六 19:00,399-1299,https://detail.damai.com/item.htm?id=794432527330&clicktitle=2024光良“今晚我不孤独2.0”巡回演唱会上海站
任意门音乐嘉年华·老友纪,艺人：HENRY刘宪华、林峯、卫兰、王齐铭、甘望星、狄迪,重庆,2024.07.06 周六 18:00,388-1188,https://detail.damai.com/item.htm?id=801011095883&clicktitle=任意门音乐嘉年华·老友纪
徐佳莹“变得有些奢侈的事”巡回演唱会-长沙站,艺人：徐佳莹,长沙,2024.07.20 周六 19:30,380-1380,https://detail.damai.com/item.htm?id=794498110810&clicktitle=徐佳莹“变得有些奢侈的事”巡回演唱会-长沙站
海诗·海峡两岸美食音乐节,艺人：二手玫瑰、张震岳、郭顶、詹雯婷、队长YoungCaptain、郑润泽、BY2、九宝、声音玩具、木马乐队、黄雨勋、南拳妈妈、PeaceHotel和平饭店乐队、歌之初乐队、柏松,三明,2024.07.05-07.06,288-888,https://detail.damai.com/item.htm?id=797144449092&clicktitle=海诗·海峡两岸美食音乐节
2024乐堡WHY NOT音乐节·贵阳站,,贵阳,2024.06.29-06.30,168-520,https://detail.damai.com/item.htm?id=798234746250&clicktitle=2024乐堡WHY NOT音乐节·贵阳站
房东的猫「世界/青年」2024巡回演唱会-北京站,艺人：房东的猫,北京,2024.06.29 周六 19:00,380-1080,https://detail.damai.com/item.htm?id=794886734665&clicktitle=房东的猫「世界/青年」2024巡回演唱会-北京站
QQ音乐巅峰音乐节·绵阳站,艺人：杨千嬅、郑钧、郭顶、回春丹乐队、詹雯婷、白举纲、姚琛、焦迈奇、麻园诗人、房东的猫、许佳琪、段奥娟、犬儒、简单对话,绵阳,2024.06.15-06.16,299-699,https://detail.damai.com/item.htm?id=796686687066&clicktitle=QQ音乐巅峰音乐节·绵阳站
2024热浪飞行音乐节,艺人：陈绮贞、旅行新蜜蜂乐队、单依纯、蒲熠星、杨丞琳、姚琛、俞更寅、张星特,成都,2024.06.22 周六 14:00,288-688,https://detail.damai.com/item.htm?id=793749730586&clicktitle=2024热浪飞行音乐节
BY2《赛博2072》全国巡演广州站,艺人：BY2,广州,2024.07.06 周六 19:00,488-888,https://detail.damai.com/item.htm?id=802460755831&clicktitle=BY2《赛博2072》全国巡演广州站
古巨基我好钟意唱歌巡回演唱会2024重庆站,艺人：古巨基,重庆,2024.07.27 周六 19:00,399-1299,https://detail.damai.com/item.htm?id=796979086138&clicktitle=古巨基我好钟意唱歌巡回演唱会2024重庆站
黄绮珊「晚霞·不晚」2024巡回演唱会-武汉站,艺人：黄绮珊,武汉,2024.06.29 周六 19:30,380-1180,https://detail.damai.com/item.htm?id=796164139438&clicktitle=黄绮珊「晚霞·不晚」2024巡回演唱会-武汉站
2024艺尚音乐节 绘长歌湖畔国风演唱会,,杭州,2024.06.29 周六 19:30,228-528,https://detail.damai.com/item.htm?id=798972918325&clicktitle=2024艺尚音乐节 绘长歌湖畔国风演唱会
百威 · CREAMFIELDS 奶油田2024成都站,艺人：the chainsmokers（烟鬼乐队）、Nicky Romero、R3HAB,成都,2024.06.15-06.16,680-1180,https://detail.damai.com/item.htm?id=795857770169&clicktitle=百威 · CREAMFIELDS 奶油田2024成都站
爱玛·追星 欢乐太行谷音乐节,艺人：痛仰乐队、二手玫瑰、房东的猫、许巍、老狼、棱镜乐队、万能青年旅店、银河快递、野肆乐队、简单对话、The Messy梅西合唱团、郭顶,长治,2024.07.13-07.14,239-588,https://detail.damai.com/item.htm?id=789691550926&clicktitle=爱玛·追星 欢乐太行谷音乐节
原力岛科技音乐节,艺人：连麻Swimming、马王HorseKing、乃万、高天佐Trouble.Z、小酷Coola、队长YoungCaptain、福克斯、Kc左元杰、刘柏辛、PSY.P、姜云升、苏醒,温州,2024.06.15 周六,90-398,https://detail.damai.com/item.htm?id=794574014671&clicktitle=原力岛科技音乐节
2024杨丞琳“LIKE A STAR”巡回演唱会-厦门站,艺人：杨丞琳,厦门,2024.06.15 周六 19:00,380-1380,https://detail.damai.com/item.htm?id=793102464420&clicktitle=2024杨丞琳“LIKE A STAR”巡回演唱会-厦门站
"Perfume ""COD3 OF P3RFUM3 ZOZ5"" Asia Tour 2024-上海场",艺人：PERFUME,上海,2024.06.29 周六 19:30,580-1280,"https://detail.damai.com/item.htm?id=798340273583&clicktitle=Perfume ""COD3 OF P3RFUM3 ZOZ5"" Asia Tour 2024-上海场"
2024青岛纯生.长春禧都音乐节,艺人：大张伟、小鬼-王琳凯、万能青年旅店、郭顶、杨和苏、队长YoungCaptain、郑润泽、h3R3刘清云、张远、陆虎、DIGI GHETTO、王以太、梅卡德尔、连麻Swimming、SASIOVERLXRD、沉舟乐队、黑屋乐队、贰万、kandi侃迪、The Eureka尤瑞卡,长春,2024.06.29-06.30,228-1088,https://detail.damai.com/item.htm?id=788535599744&clicktitle=2024青岛纯生.长春禧都音乐节
2024东营文汇河海音乐节,艺人：毛不易、艾热、TANK吕建忠、威尔Will.T、霓虹花园、石岩、布瑞吉、vava、派克特,东营,2024.06.22-06.23,93-493,https://detail.damai.com/item.htm?id=793106276209&clicktitle=2024东营文汇河海音乐节
“不如见一面”海来阿木2024巡回演唱会-武汉站,艺人：海来阿木,武汉,2024.06.30 周日 19:30,480-1280,https://detail.damai.com/item.htm?id=797225112928&clicktitle=“不如见一面”海来阿木2024巡回演唱会-武汉站
千禧复古派对(含凤凰传奇专场),,深圳,2024.06.22-06.23,68-180,https://detail.damai.com/item.htm?id=802670254682&clicktitle=千禧复古派对(含凤凰传奇专场)
伯远「超越形态」全国巡回演唱会长沙站,艺人：伯远,长沙,2024.06.15 周六 19:30,380-980,https://detail.damai.com/item.htm?id=799991283800&clicktitle=伯远「超越形态」全国巡回演唱会长沙站
月港传奇群星演唱会,艺人：吴克群、王栎鑫、弦子、程响、王琪,漳州,2024.06.17 周一 19:30,199-599,https://detail.damai.com/item.htm?id=801501089732&clicktitle=月港传奇群星演唱会
2024张信哲「未来式终极版」世界巡回演唱会-西宁站,艺人：张信哲,西宁,2024.06.15 周六 20:30,288-2000,https://detail.damai.com/item.htm?id=788042147671&clicktitle=2024张信哲「未来式终极版」世界巡回演唱会-西宁站
保定银行燃情盛夏演唱会,艺人：小沈阳、刘和刚、王琪、阿吉太组合、李丹阳,保定,2024.06.23 周日 20:00,132-622,https://detail.damai.com/item.htm?id=802523291564&clicktitle=保定银行燃情盛夏演唱会
黄绮珊「晚霞·不晚」2024巡回演唱会-沈阳站,艺人：黄绮珊,沈阳,2024.06.15 周六 19:30,380-1180,https://detail.damai.com/item.htm?id=796180495526&clicktitle=黄绮珊「晚霞·不晚」2024巡回演唱会-沈阳站
【造音呈现】井迪「追光旅行」2024全国巡演 长沙站,艺人：井迪,长沙,2024.07.13 周六 20:00,168-288,https://detail.damai.com/item.htm?id=800413534092&clicktitle=【造音呈现】井迪「追光旅行」2024全国巡演 长沙站
因为寂寞·糖妹黄山怡音乐会,,广州,2024.07.20 周六 20:00,198-498,https://detail.damai.com/item.htm?id=802342694859&clicktitle=因为寂寞·糖妹黄山怡音乐会
热浪澎湃2024「Splash！」限定主题音乐现场,,成都,2024.06.15 周六 17:45,268-658,https://detail.damai.com/item.htm?id=798486375757&clicktitle=热浪澎湃2024「Splash！」限定主题音乐现场
歌者启程 张云雷演唱会-北京站,艺人：张云雷,北京,2024.06.15 周六 19:30,380-1780,https://detail.damai.com/item.htm?id=788030930758&clicktitle=歌者启程 张云雷演唱会-北京站
不凡演唱会（温州站）,艺人：海来阿木、郁可唯、汪东城,温州,2024.07.06 周六 19:30,188-988,https://detail.damai.com/item.htm?id=797744565497&clicktitle=不凡演唱会（温州站）
黄礼格「庆祝我们搞砸的一切」2024巡演 天津站,艺人：黄礼格,天津,2024.07.27 周六 19:30,138-520,https://detail.damai.com/item.htm?id=802834158895&clicktitle=黄礼格「庆祝我们搞砸的一切」2024巡演 天津站
苏锦保演唱会,艺人：杨宗纬、陈慧琳、水木年华、王靖雯、庄心妍、黑龙、云朵、程响、彭筝、大哲、郑源、王蓉（Rollin Wang）、李晓杰、慕容晓晓,上海,2024.06.21-06.24,688-1688,https://detail.damai.com/item.htm?id=803404547899&clicktitle=苏锦保演唱会
2024 青岛艾可什机场音乐节—序章篇,,青岛,2024.06.15-06.16,198-666,https://detail.damai.com/item.htm?id=789877985120&clicktitle=2024 青岛艾可什机场音乐节—序章篇
Zkaaai-2024巡演杭州站,艺人：zkaaai,杭州,2024.06.28 周五 20:00,128-268,https://detail.damai.com/item.htm?id=800172778701&clicktitle=Zkaaai-2024巡演杭州站
林宥嘉idol2024巡回演唱会合肥站,艺人：林宥嘉,合肥,2024.07.06 周六 19:00,380-1580,https://detail.damai.com/item.htm?id=787022085623&clicktitle=林宥嘉idol2024巡回演唱会合肥站
“所以少年人”水木年华2024巡回演唱会-佛山站,艺人：水木年华,佛山,2024.09.07 周六 19:30,180-1000,https://detail.damai.com/item.htm?id=800973222036&clicktitle=“所以少年人”水木年华2024巡回演唱会-佛山站
徐佳莹「变得有些奢侈的事」巡回演唱会-南京站,艺人：徐佳莹,南京,2024.06.15 周六 19:30,380-1380,https://detail.damai.com/item.htm?id=786356191740&clicktitle=徐佳莹「变得有些奢侈的事」巡回演唱会-南京站
黄礼格「庆祝我们搞砸的一切」2024巡演 广州站,艺人：黄礼格,广州,2024.08.23 周五 20:00,138-520,https://detail.damai.com/item.htm?id=803018080138&clicktitle=黄礼格「庆祝我们搞砸的一切」2024巡演 广州站
陈雪凝「我新长出的犄角」2024全国巡演上海站【嘉宾：陈俊宇&陈壹千】,艺人：陈雪凝,上海,2024.07.05 周五 20:30,180-360,https://detail.damai.com/item.htm?id=801775994531&clicktitle=陈雪凝「我新长出的犄角」2024全国巡演上海站【嘉宾：陈俊宇&陈壹千】
Macovaseas&Bobbynopeace 出来玩er杭州站,,杭州,2024.06.22 周六 20:00,268-388,https://detail.damai.com/item.htm?id=801884731424&clicktitle=Macovaseas&Bobbynopeace 出来玩er杭州站
【常州站】6.22 E.V.C×TOMORROW CLUB丨于秘语梦境之中追寻狂欢,,常州,2024.06.22-06.23,99-495,https://detail.damai.com/item.htm?id=803152892127&clicktitle=【常州站】6.22 E.V.C×TOMORROW CLUB丨于秘语梦境之中追寻狂欢
千禧奇迹音乐节,艺人：二手玫瑰、新裤子、逃跑计划、霓虹花园、棱镜乐队、九宝、梅卡德尔、Fine乐团、面孔乐队、闪星TWINKLESTAR、队长YoungCaptain、郑润泽、h3R3刘清云、假假條,西安,2024.06.29-06.30,289-498,https://detail.damai.com/item.htm?id=798706900391&clicktitle=千禧奇迹音乐节
2024吴若希“IN.POSSIBLE”巡回音乐会-广州站,艺人：吴若希,广州,2024.07.19 周五 20:00,280-480,https://detail.damai.com/item.htm?id=795831218997&clicktitle=2024吴若希“IN.POSSIBLE”巡回音乐会-广州站
新濠风尚呈献：「新濠尊属系列」 容祖儿ETERNITY演唱会2024,艺人：容祖儿,中国澳门,2024.07.13-08.25,1350-43200,https://detail.damai.com/item.htm?id=798066304082&clicktitle=新濠风尚呈献：「新濠尊属系列」 容祖儿ETERNITY演唱会2024
蔡健雅“Let’s Depart！给世界最悠长的吻”巡回演唱会-重庆站,艺人：蔡健雅,重庆,2024.07.20 周六 19:30,399-1099,https://detail.damai.com/item.htm?id=787103423710&clicktitle=蔡健雅“Let’s Depart！给世界最悠长的吻”巡回演唱会-重庆站
小沈阳2024《我不！是歌手》巡回演唱会--大庆站,艺人：小沈阳,大庆,2024.06.29 周六 19:00,280-880,https://detail.damai.com/item.htm?id=789342516752&clicktitle=小沈阳2024《我不！是歌手》巡回演唱会--大庆站
弦子“需要多久才能看完一场日落”2024巡回演唱会-北京站,艺人：弦子,北京,2024.07.13 周六 19:30,358-568,https://detail.damai.com/item.htm?id=798821803818&clicktitle=弦子“需要多久才能看完一场日落”2024巡回演唱会-北京站
陈雪凝「我新长出的犄角」2024全国巡演 长沙站,艺人：陈雪凝,长沙,2024.08.10 周六 20:00,180-360,https://detail.damai.com/item.htm?id=800225297006&clicktitle=陈雪凝「我新长出的犄角」2024全国巡演 长沙站
动力火车“都是因为爱”演唱会·北京站,艺人：动力火车,北京,2024.07.06 周六 19:00,380-1280,https://detail.damai.com/item.htm?id=788063371597&clicktitle=动力火车“都是因为爱”演唱会·北京站
2024张信哲未来式终极版世界巡回演唱会呼和浩特站,艺人：张信哲,呼和浩特,2024.06.22 周六 20:00,380-1380,https://detail.damai.com/item.htm?id=784397520877&clicktitle=2024张信哲未来式终极版世界巡回演唱会呼和浩特站
2024 ICE杨长青“LIFE”巡演-成都站,艺人：ICE杨长青,成都,2024.07.06 周六 20:00,288-458,https://detail.damai.com/item.htm?id=802551031871&clicktitle=2024 ICE杨长青“LIFE”巡演-成都站
吴克群《我们的冒险》巡回演唱会-成都站,艺人：吴克群,成都,2024.06.16 周日 19:00,480-1280,https://detail.damai.com/item.htm?id=795722979475&clicktitle=吴克群《我们的冒险》巡回演唱会-成都站
2024 现场时刻 音乐会,艺人：侧田、AGA、刘浩龙,佛山,2024.07.13 周六 20:00,380-980,https://detail.damai.com/item.htm?id=793873344381&clicktitle=2024 现场时刻 音乐会
歌者来了-时空奇境音乐超现场,艺人：李宇春、林峯、张远、黄子韬、王栎鑫、Ella陈嘉桦、许绍洋、李荣浩、张靓颖、苏醒、魏巡,广州,2024.06.22-06.23,599-2599,https://detail.damai.com/item.htm?id=800126595616&clicktitle=歌者来了-时空奇境音乐超现场
2024光良「今晚我不孤独2.0」巡回演唱会重庆站,艺人：光良,重庆,2024.07.13 周六 19:30,399-1314,https://detail.damai.com/item.htm?id=787692143932&clicktitle=2024光良「今晚我不孤独2.0」巡回演唱会重庆站
于贞Ingrita「奇迹」2024全国巡演 （广州站）,艺人：于贞,广州,2024.09.08 周日 19:30,249-399,https://detail.damai.com/item.htm?id=799869430355&clicktitle=于贞Ingrita「奇迹」2024全国巡演 （广州站）
2024当我们谈论爱情梁静茹世界巡回演唱会-厦门站,艺人：梁静茹,厦门,2024.06.22 周六 19:00,499-1399,https://detail.damai.com/item.htm?id=782858152029&clicktitle=2024当我们谈论爱情梁静茹世界巡回演唱会-厦门站
LANY - a beautiful blur: the world tour 上海站,艺人：LANY,上海,2024.07.05 周五 20:00,480-1980,https://detail.damai.com/item.htm?id=796258216905&clicktitle=LANY - a beautiful blur: the world tour 上海站
首届ULTRA HongKong电子音乐节,,中国香港,2024.09.14 周六 12:00,680-1780,https://detail.damai.com/item.htm?id=795207129144&clicktitle=首届ULTRA HongKong电子音乐节
2024.6.22誰明浪子心《回响·王杰》金曲演唱会–西安站,,西安,2024.06.22 周六 19:30,80-230,https://detail.damai.com/item.htm?id=800421207858&clicktitle=2024.6.22誰明浪子心《回响·王杰》金曲演唱会–西安站
J.Sheon庄珣 2024「 别问很可怕」巡演 ·成都站,艺人：J.Sheon庄珣,成都,2024.07.13 周六 19:30,288-696,https://detail.damai.com/item.htm?id=801170833136&clicktitle=J.Sheon庄珣 2024「 别问很可怕」巡演 ·成都站
"BOYHOOD""Vacation一夏”巡回演唱会",艺人：BOYHOOD,北京,2024.06.15 周六 18:00,380-580,"https://detail.damai.com/item.htm?id=800924583078&clicktitle=BOYHOOD""Vacation一夏”巡回演唱会"
侧田第一秒巡回演唱会-南宁站,艺人：侧田,南宁,2024.06.29 周六 20:00,380-1280,https://detail.damai.com/item.htm?id=794141507942&clicktitle=侧田第一秒巡回演唱会-南宁站
杨千嬅MY TREE OF LIVE巡回演唱会-天津站,艺人：杨千嬅,天津,2024.06.14-06.15,398-1298,https://detail.damai.com/item.htm?id=781506583468&clicktitle=杨千嬅MY TREE OF LIVE巡回演唱会-天津站
裘德2024「境地新生」音乐会-上海站,艺人：裘德,上海,2024.08.11 周日 19:30,180-680,https://detail.damai.com/item.htm?id=799169547828&clicktitle=裘德2024「境地新生」音乐会-上海站
棱镜「多少年·多少面」2024巡回演唱会,艺人：棱镜乐队,成都,2024.06.22 周六 19:00,380-880,https://detail.damai.com/item.htm?id=785071314397&clicktitle=棱镜「多少年·多少面」2024巡回演唱会
洪佩瑜「明室 Silver Lining」2024巡演上海站,,上海,2024.07.06 周六 20:00,248-288,https://detail.damai.com/item.htm?id=803289170061&clicktitle=洪佩瑜「明室 Silver Lining」2024巡演上海站
于贞Ingrita「奇迹」2024全国巡演 （成都站）,艺人：于贞,成都,2024.07.20 周六 19:30,249-399,https://detail.damai.com/item.htm?id=799789891673&clicktitle=于贞Ingrita「奇迹」2024全国巡演 （成都站）
2024焦迈奇“游泳回家”巡回演唱会-杭州站,艺人：焦迈奇,杭州,2024.07.13 周六 19:30,380-680,https://detail.damai.com/item.htm?id=785540293375&clicktitle=2024焦迈奇“游泳回家”巡回演唱会-杭州站
动力火车“都是因为爱”巡回演唱会-杭州站,艺人：动力火车,杭州,2024.07.27 周六 19:30,380-1280,https://detail.damai.com/item.htm?id=786907210177&clicktitle=动力火车“都是因为爱”巡回演唱会-杭州站
洪佩瑜「明室 Silver Lining」2024巡演广州站,,广州,2024.07.20 周六 20:00,248-288,https://detail.damai.com/item.htm?id=802962526907&clicktitle=洪佩瑜「明室 Silver Lining」2024巡演广州站
Macovaseas&Bobbynopeace出来玩er广州站,,广州,2024.06.28 周五 20:00,268-388,https://detail.damai.com/item.htm?id=802418296830&clicktitle=Macovaseas&Bobbynopeace出来玩er广州站
蔡健雅“Let's Depart！给世界最悠长的吻”巡回演唱会-厦门站,艺人：蔡健雅,厦门,2024.06.29 周六 19:00,399-1099,https://detail.damai.com/item.htm?id=784437285457&clicktitle=蔡健雅“Let's Depart！给世界最悠长的吻”巡回演唱会-厦门站
大张伟 “大好时光演唱会”  “续一个Nice”深圳站·抖音特别场,艺人：大张伟,深圳,2024.06.22 周六 19:00,233-1831,https://detail.damai.com/item.htm?id=783101540194&clicktitle=大张伟 “大好时光演唱会”  “续一个Nice”深圳站·抖音特别场
认识你真好²孙耀威世界巡回演唱会,艺人：孙耀威,广州,2024.06.15 周六 19:00,388-1188,https://detail.damai.com/item.htm?id=793892910517&clicktitle=认识你真好²孙耀威世界巡回演唱会
于贞Ingrita「奇迹」2024全国巡演 （杭州站）,艺人：于贞,杭州,2024.06.30 周日 20:00,249-399,https://detail.damai.com/item.htm?id=798127280936&clicktitle=于贞Ingrita「奇迹」2024全国巡演 （杭州站）
KPOPBOOM乌鲁木齐站｜室内KPOP超级派对,,乌鲁木齐,2024.06.29 周六 20:00,88-188,https://detail.damai.com/item.htm?id=800879056578&clicktitle=KPOPBOOM乌鲁木齐站｜室内KPOP超级派对
2024 郁可唯“终身浪漫的开始”演唱会-北京站,艺人：郁可唯,北京,2024.06.22 周六 19:30,380-1080,https://detail.damai.com/item.htm?id=783133036856&clicktitle=2024 郁可唯“终身浪漫的开始”演唱会-北京站
【造音呈现】井迪「追光旅行」2024全国巡演 成都站,艺人：井迪,成都,2024.07.20 周六 20:00,168-288,https://detail.damai.com/item.htm?id=800590456105&clicktitle=【造音呈现】井迪「追光旅行」2024全国巡演 成都站
于贞Ingrita「奇迹」2024全国巡演 （武汉站）,艺人：于贞,武汉,2024.06.22 周六 20:00,249-399,https://detail.damai.com/item.htm?id=797961782448&clicktitle=于贞Ingrita「奇迹」2024全国巡演 （武汉站）
《请回答1988》韩剧主题曲演唱会,,宁波,2024.08.10 周六 19:30,58-600,https://detail.damai.com/item.htm?id=800857512451&clicktitle=《请回答1988》韩剧主题曲演唱会
【惊喜加场】ONER 「燃点」 ON FIRE 巡演-郑州站,艺人：ONER,郑州,2024.06.30 周日 19:30,480-880,https://detail.damai.com/item.htm?id=800156175367&clicktitle=【惊喜加场】ONER 「燃点」 ON FIRE 巡演-郑州站
井迪「追光旅行」2024全国巡演 广州站【造音呈现】,艺人：井迪,广州,2024.06.23 周日 20:00,168-288,https://detail.damai.com/item.htm?id=795963309050&clicktitle=井迪「追光旅行」2024全国巡演 广州站【造音呈现】
2024良渚古典音乐节 亲子音乐会—古典音乐名曲启蒙,,杭州,2024.07.14 周日 10:00,100-280,https://detail.damai.com/item.htm?id=799389733770&clicktitle=2024良渚古典音乐节 亲子音乐会—古典音乐名曲启蒙
KPOPBOOM长沙站｜千人KPOP超级派对,,长沙,2024.07.12 周五 20:00,88-188,https://detail.damai.com/item.htm?id=801262806557&clicktitle=KPOPBOOM长沙站｜千人KPOP超级派对
井迪「追光旅行」2024全国巡演 深圳站【造音呈现】,艺人：井迪,深圳,2024.06.22 周六 20:00,168-288,https://detail.damai.com/item.htm?id=795964245658&clicktitle=井迪「追光旅行」2024全国巡演 深圳站【造音呈现】
于贞Ingrita「奇迹」2024全国巡演 （郑州站）,艺人：于贞,郑州,2024.06.28 周五 20:00,249-399,https://detail.damai.com/item.htm?id=797839423099&clicktitle=于贞Ingrita「奇迹」2024全国巡演 （郑州站）
苏运莹「圆与自然」2024个人音乐会 合肥站,艺人：苏运莹,合肥,2024.08.03 周六 20:00,288-588,https://detail.damai.com/item.htm?id=801947276040&clicktitle=苏运莹「圆与自然」2024个人音乐会 合肥站
动力火车“都是因为爱”巡回演唱会·武汉站,艺人：动力火车,武汉,2024.06.15 周六 19:30,380-1280,https://detail.damai.com/item.htm?id=785519024176&clicktitle=动力火车“都是因为爱”巡回演唱会·武汉站
“所以少年人”水木年华 2024 巡回演唱会-南京站,艺人：水木年华,南京,2024.07.13 周六 19:30,180-880,https://detail.damai.com/item.htm?id=789756546851&clicktitle=“所以少年人”水木年华 2024 巡回演唱会-南京站
EPIK HIGH THE PUMP ASIA TOUR 2024 - MACAU,,中国澳门,2024.06.29 周六 19:00,764-1540,https://detail.damai.com/item.htm?id=800845638529&clicktitle=EPIK HIGH THE PUMP ASIA TOUR 2024 - MACAU
Zkaaai-2024巡演重庆站,艺人：zkaaai,重庆,2024.07.05 周五 20:00,128-268,https://detail.damai.com/item.htm?id=800298833524&clicktitle=Zkaaai-2024巡演重庆站
山下智久2024澳门演唱会,,中国澳门,2024.06.23 周日 20:30,788-1688,https://detail.damai.com/item.htm?id=799302917048&clicktitle=山下智久2024澳门演唱会
2024枯木逢春「人间八万里 」巡回演唱会 天津站,艺人：枯木逢春,天津,2024.08.10 周六 20:00,158-520,https://detail.damai.com/item.htm?id=799314673272&clicktitle=2024枯木逢春「人间八万里 」巡回演唱会 天津站
南拳妈妈「我回来了」2024巡回演唱会—天津站,艺人：南拳妈妈,天津,2024.07.27 周六 20:00,299-659,https://detail.damai.com/item.htm?id=798574670118&clicktitle=南拳妈妈「我回来了」2024巡回演唱会—天津站
2024良渚古典音乐节 “大赋格”&音尚四重奏音乐会,,杭州,2024.07.15 周一 19:30,120-180,https://detail.damai.com/item.htm?id=799430264428&clicktitle=2024良渚古典音乐节 “大赋格”&音尚四重奏音乐会
蔡健雅“Let’s Depart！给世界最悠长的吻”巡回演唱会-上海返场,艺人：蔡健雅,上海,2024.07.06 周六 19:00,380-1380,https://detail.damai.com/item.htm?id=803466400901&clicktitle=蔡健雅“Let’s Depart！给世界最悠长的吻”巡回演唱会-上海返场
于贞Ingrita「奇迹」2024全国巡演 （南京站）,艺人：于贞,南京,2024.08.10 周六 20:00,249-399,https://detail.damai.com/item.htm?id=797884707477&clicktitle=于贞Ingrita「奇迹」2024全国巡演 （南京站）
胡海泉2024巡演「春风归来了无痕」（济南站）,艺人：胡海泉,济南,2024.08.17 周六 20:00,288-488,https://detail.damai.com/item.htm?id=798233602186&clicktitle=胡海泉2024巡演「春风归来了无痕」（济南站）
KPOPBOOM成都站｜千人KPOP超级派对,,成都,2024.06.28 周五 20:00,88-188,https://detail.damai.com/item.htm?id=801286830984&clicktitle=KPOPBOOM成都站｜千人KPOP超级派对
2024艾怡良「不想忘记的名字们」巡演（武汉站）,艺人：艾怡良,武汉,2024.07.28 周日 19:30,239-439,https://detail.damai.com/item.htm?id=798806452988&clicktitle=2024艾怡良「不想忘记的名字们」巡演（武汉站）
2024 YENA崔叡娜  FAN CONCERT - SUPER YENA,,中国澳门,2024.07.06 周六 15:00,764-1637,https://detail.damai.com/item.htm?id=802517651572&clicktitle=2024 YENA崔叡娜  FAN CONCERT - SUPER YENA
2024超级演唱会,艺人：张信哲、毛不易、刘宇、单依纯、回春丹乐队、王靖雯,包头,2024.06.16 周日 19:30,180-1180,https://detail.damai.com/item.htm?id=782495556825&clicktitle=2024超级演唱会
连淮伟2024「极致幻想」沉浸式巡回演出泉州站,艺人：连淮伟,泉州,2024.06.22 周六 19:00,380-680,https://detail.damai.com/item.htm?id=800109134120&clicktitle=连淮伟2024「极致幻想」沉浸式巡回演出泉州站
【西安】唐蒜铺子脱口秀【钟楼易俗店】｜西安必打卡知名厂牌｜爆笑脱口秀演出现场,,西安,2024.06.15-12.01,88-168,https://detail.damai.com/item.htm?id=800354921414&clicktitle=【西安】唐蒜铺子脱口秀【钟楼易俗店】｜西安必打卡知名厂牌｜爆笑脱口秀演出现场
裘德2024「境地新生」演唱会-广州站,艺人：裘德,广州,2024.06.21 周五 20:00,180-680,https://detail.damai.com/item.htm?id=793455299306&clicktitle=裘德2024「境地新生」演唱会-广州站
《请回答1988》韩剧主题曲演唱会,,深圳,2024.07.26 周五 19:30,58-600,https://detail.damai.com/item.htm?id=794569610206&clicktitle=《请回答1988》韩剧主题曲演唱会
2024苏有朋在多重宇宙中遇见你巡回演唱会西安站,艺人：苏有朋,西安,2024.06.15 周六 19:30,380-1380,https://detail.damai.com/item.htm?id=783159516637&clicktitle=2024苏有朋在多重宇宙中遇见你巡回演唱会西安站
《漂洋过海来看你》致敬经典老歌-一人一首成名曲,,上海,2024.06.29 周六 19:30,108-280,https://detail.damai.com/item.htm?id=799131636249&clicktitle=《漂洋过海来看你》致敬经典老歌-一人一首成名曲
2024 NMIXX THE 1ST FAN CONCERT : NMIXX CHANGE UP:MIXX UNIVERSITY in MACAU 加场,,中国澳门,2024.06.22 周六,1099-1648,https://detail.damai.com/item.htm?id=790127947011&clicktitle=2024 NMIXX THE 1ST FAN CONCERT : NMIXX CHANGE UP:MIXX UNIVERSITY in MACAU 加场
刘大壮  会不会3.0 心动如初”2024“全国巡演（上海站）,艺人：刘大壮,上海,2024.07.06 周六 20:00,168-298,https://detail.damai.com/item.htm?id=799014754623&clicktitle=刘大壮  会不会3.0 心动如初”2024“全国巡演（上海站）
安崎2024年“大女主”巡回演唱会-上海站,艺人：安崎,上海,2024.06.15 周六 20:00,480-780,https://detail.damai.com/item.htm?id=795887949381&clicktitle=安崎2024年“大女主”巡回演唱会-上海站
康姆士COM'Z 「致飞行女孩」2024 TOUR 成都专场 6/29,艺人：康姆士COM'Z,成都,2024.06.29 周六 20:00,260-300,https://detail.damai.com/item.htm?id=798523496978&clicktitle=康姆士COM'Z 「致飞行女孩」2024 TOUR 成都专场 6/29
《请回答1988》韩剧主题曲演唱会,,广州,2024.07.27 周六 19:30,58-600,https://detail.damai.com/item.htm?id=793788198924&clicktitle=《请回答1988》韩剧主题曲演唱会
2024枯木逢春「人间八万里 」巡回演唱会 深圳站,艺人：枯木逢春,深圳,2024.07.13 周六 20:00,158-520,https://detail.damai.com/item.htm?id=799454667440&clicktitle=2024枯木逢春「人间八万里 」巡回演唱会 深圳站
POPMIX 太原站 ｜Taylor Swift Fan Party 酒水畅饮霉粉派对,,太原,2024.07.05 周五 19:30,98-228,https://detail.damai.com/item.htm?id=800992935492&clicktitle=POPMIX 太原站 ｜Taylor Swift Fan Party 酒水畅饮霉粉派对
「奇迹の闪耀」巡回动漫演唱会-郑州站,,郑州,2024.09.15 周日 19:30,69-169,https://detail.damai.com/item.htm?id=800649572434&clicktitle=「奇迹の闪耀」巡回动漫演唱会-郑州站
Click#15「疯客惊奇秀」巡演·上半场（上海站）,艺人：Click#15,上海,2024.06.22 周六 20:30,180-220,https://detail.damai.com/item.htm?id=800662792123&clicktitle=Click#15「疯客惊奇秀」巡演·上半场（上海站）
刘大壮  会不会3.0 心动如初”2024“全国巡演（杭州站）,艺人：刘大壮,杭州,2024.07.20 周六 20:00,168-298,https://detail.damai.com/item.htm?id=801264604487&clicktitle=刘大壮  会不会3.0 心动如初”2024“全国巡演（杭州站）
2024当我们谈论爱情梁静茹世界巡回演唱会-佛山站,艺人：梁静茹,佛山,2024.08.10 周六 19:00,499-1399,https://detail.damai.com/item.htm?id=779244090127&clicktitle=2024当我们谈论爱情梁静茹世界巡回演唱会-佛山站
2024罗大佑春龙交响夜音乐会,艺人：罗大佑,广州,2024.07.05-07.06,480-1880,https://detail.damai.com/item.htm?id=789789672142&clicktitle=2024罗大佑春龙交响夜音乐会
2024罗大佑春龙交响夜音乐会,艺人：罗大佑,广州,2024.07.05-07.06,480-1880,https://detail.damai.com/item.htm?id=789789672142&clicktitle=2024罗大佑春龙交响夜音乐会
KPOPFM郑州站返场千人KPOP派对,,郑州,2024.07.05 周五 20:00,88-188,https://detail.damai.com/item.htm?id=800404392989&clicktitle=KPOPFM郑州站返场千人KPOP派对
五月专属【恋爱ing】——Mayday专场派对｜让我重新认识LOVE,,上海,2024.07.12 周五 20:30,68-188,https://detail.damai.com/item.htm?id=800945451670&clicktitle=五月专属【恋爱ing】——Mayday专场派对｜让我重新认识LOVE
南拳妈妈「我回来了」2024巡回演唱会重庆站,艺人：南拳妈妈,重庆,2024.09.08 周日 20:00,299-659,https://detail.damai.com/item.htm?id=797112349571&clicktitle=南拳妈妈「我回来了」2024巡回演唱会重庆站
倒带2007·青春日不落演唱会——一键回到华语乐坛黄金年代(南昌站）,,南昌,2024.07.20 周六 20:00,98-599,https://detail.damai.com/item.htm?id=801234116836&clicktitle=倒带2007·青春日不落演唱会——一键回到华语乐坛黄金年代(南昌站）
胡海泉2024《春风归来了无痕》巡演 -南京站,艺人：胡海泉,南京,2024.07.20 周六 20:00,288-488,https://detail.damai.com/item.htm?id=797905198935&clicktitle=胡海泉2024《春风归来了无痕》巡演 -南京站
连岛音乐节,艺人：许巍、老狼、痛仰乐队、郭顶、回春丹乐队、声音玩具、夏日入侵企画、梅卡德尔、九宝、丢火车乐队、萨满乐队、法兹乐队、银河快递、脆莓Brickleberry、分手俱乐部、DOUDOU,连云港,2024.06.22-06.23,299-429,https://detail.damai.com/item.htm?id=777190634909&clicktitle=连岛音乐节
-国密董酒-佰草香 巫启贤“红尘来去梦太傻”2024全国巡回演唱会-苏州站,艺人：巫启贤,苏州,2024.06.15 周六 19:30,280-1280,https://detail.damai.com/item.htm?id=795793023370&clicktitle=-国密董酒-佰草香 巫启贤“红尘来去梦太傻”2024全国巡回演唱会-苏州站
“伟大信仰”信乐团成团20周年世界巡回演唱会郑州站,,郑州,2024.09.07 周六 19:30,180-880,https://detail.damai.com/item.htm?id=793545597100&clicktitle=“伟大信仰”信乐团成团20周年世界巡回演唱会郑州站
06.22 TizzyT@HYPER OG无锡 粉丝见面会 | 久等了，OG的粉丝,,无锡,2024.06.22-06.23,320-420,https://detail.damai.com/item.htm?id=795448687058&clicktitle=06.22 TizzyT@HYPER OG无锡 粉丝见面会 | 久等了，OG的粉丝
阿细·破晓时光 Arise Moment Live ·巡回演出--东莞站,艺人：阿细,东莞,2024.07.13 周六 19:30,180-900,https://detail.damai.com/item.htm?id=798489063408&clicktitle=阿细·破晓时光 Arise Moment Live ·巡回演出--东莞站
【早鸟4折】致敬传奇·光辉岁月纪念 Beyond 经典金曲演唱会,,广州,2024.07.28 周日 19:30,40-380,https://detail.damai.com/item.htm?id=800426575248&clicktitle=【早鸟4折】致敬传奇·光辉岁月纪念 Beyond 经典金曲演唱会
陈雪凝「我新长出的犄角」2024全国巡演深圳站,艺人：陈雪凝,深圳,2024.07.12 周五 20:30,180-360,https://detail.damai.com/item.htm?id=799885142764&clicktitle=陈雪凝「我新长出的犄角」2024全国巡演深圳站
跨越二次元ACG神级动漫巡回演唱会-武汉站,,武汉,2024.09.21 周六 19:30,60-600,https://detail.damai.com/item.htm?id=798027290134&clicktitle=跨越二次元ACG神级动漫巡回演唱会-武汉站
2024 姜大声 DAESUNG  FAN DAY TOUR: D’s ROAD IN MACAU 澳门站,艺人：姜大声,中国澳门,2024.06.29 周六 19:00,861-1637,https://detail.damai.com/item.htm?id=790286810771&clicktitle=2024 姜大声 DAESUNG  FAN DAY TOUR: D’s ROAD IN MACAU 澳门站
ONE LOVE ASIA FESTIVAL 香港 2024,,中国香港,2024.06.30 周日 17:00,980-1280,https://detail.damai.com/item.htm?id=803416981769&clicktitle=ONE LOVE ASIA FESTIVAL 香港 2024
2024“当我们谈论爱情”梁静茹世界巡回演唱会-青岛站,艺人：梁静茹,青岛,2024.08.24 周六 19:00,499-1399,https://detail.damai.com/item.htm?id=778385824153&clicktitle=2024“当我们谈论爱情”梁静茹世界巡回演唱会-青岛站
【限时4折】《请回答1988》《鬼怪》浪漫韩剧烛光音乐会,,济南,2024.07.27 周六 19:30,40-380,https://detail.damai.com/item.htm?id=799042324386&clicktitle=【限时4折】《请回答1988》《鬼怪》浪漫韩剧烛光音乐会
倒带2007·青春日不落演唱会——一键回到华语乐坛黄金年代(长沙站）,,长沙,2024.07.19 周五 20:00,98-399,https://detail.damai.com/item.htm?id=800819966424&clicktitle=倒带2007·青春日不落演唱会——一键回到华语乐坛黄金年代(长沙站）
KPOPCN石家庄站|千人KPOP派对,,石家庄,2024.06.22 周六 20:00,88-128,https://detail.damai.com/item.htm?id=796449536371&clicktitle=KPOPCN石家庄站|千人KPOP派对
孟美岐2024「夏日岐遇」音乐会-上海站,艺人：孟美岐,上海,2024.07.13 周六 19:30,299-599,https://detail.damai.com/item.htm?id=790374124585&clicktitle=孟美岐2024「夏日岐遇」音乐会-上海站
2024 王晓佳 【光的回响 light echo】 EP巡演-长沙站,艺人：王晓佳,长沙,2024.06.16 周日 18:00,531-651,https://detail.damai.com/item.htm?id=798903114057&clicktitle=2024 王晓佳 【光的回响 light echo】 EP巡演-长沙站
Chris James : Dopamine Overload 2024巡演 - 杭州站,艺人：Chris James,杭州,2024.08.03 周六 20:00,260-650,https://detail.damai.com/item.htm?id=799166683975&clicktitle=Chris James : Dopamine Overload 2024巡演 - 杭州站
刘大壮 会不会 3.0 心动如初”2024“全国巡演(武汉站),艺人：刘大壮,武汉,2024.07.27 周六 20:00,168-298,https://detail.damai.com/item.htm?id=800461390135&clicktitle=刘大壮 会不会 3.0 心动如初”2024“全国巡演(武汉站)
2024枯木逢春「人间八万里 」巡回演唱会 上海站,艺人：枯木逢春,上海,2024.07.27 周六 20:00,158-520,https://detail.damai.com/item.htm?id=796514083584&clicktitle=2024枯木逢春「人间八万里 」巡回演唱会 上海站
KPOPBOOM南昌站｜千人KPOP超级派对,,南昌,2024.08.02 周五 20:00,88-188,https://detail.damai.com/item.htm?id=798895535070&clicktitle=KPOPBOOM南昌站｜千人KPOP超级派对
《致敬传奇·光辉岁月——纪念beyond经典金曲演唱会》630特别版,,重庆,2024.06.30 周日 19:30,50-480,https://detail.damai.com/item.htm?id=796933259970&clicktitle=《致敬传奇·光辉岁月——纪念beyond经典金曲演唱会》630特别版
OWN WAY 赵品霖2024巡演上海场暨生日派对,艺人：赵品霖,上海,2024.06.28-06.29,180-629,https://detail.damai.com/item.htm?id=803390065471&clicktitle=OWN WAY 赵品霖2024巡演上海场暨生日派对
POPMIX 广州站 ｜Taylor Swift Fan Party 酒水畅饮霉粉派对,,广州,2024.07.12 周五 19:30,98-228,https://detail.damai.com/item.htm?id=803812425912&clicktitle=POPMIX 广州站 ｜Taylor Swift Fan Party 酒水畅饮霉粉派对
KPOPFM合肥站千人KPOP派对,,合肥,2024.07.06 周六 20:00,88-188,https://detail.damai.com/item.htm?id=800711216878&clicktitle=KPOPFM合肥站千人KPOP派对
于贞Ingrita「奇迹」2024全国巡演 （厦门站）,艺人：于贞,厦门,2024.07.13 周六 20:00,249-399,https://detail.damai.com/item.htm?id=798123024522&clicktitle=于贞Ingrita「奇迹」2024全国巡演 （厦门站）
保利城市岛屿音乐季 2024许飞《生活不必太用力》巡演,艺人：许飞,淮安,2024.07.07 周日 19:30,180-480,https://detail.damai.com/item.htm?id=797901219930&clicktitle=保利城市岛屿音乐季 2024许飞《生活不必太用力》巡演
热血二次元ACG神级动漫巡回演唱会,,上海,2024.06.28 周五 19:30,108-480,https://detail.damai.com/item.htm?id=794386384305&clicktitle=热血二次元ACG神级动漫巡回演唱会
刘冠佑2024“佑乐园”生日见面会,,苏州,2024.06.22 周六 19:30,380-680,https://detail.damai.com/item.htm?id=801953444709&clicktitle=刘冠佑2024“佑乐园”生日见面会
7.21「KPOPALLNIGHT周日特辑」(G)I-DLE专场 派对,,上海,2024.07.21 周日 19:30,99-228,https://detail.damai.com/item.htm?id=803073547988&clicktitle=7.21「KPOPALLNIGHT周日特辑」(G)I-DLE专场 派对
陈雪凝「我新长出的犄角」2024全国巡演广州站,艺人：陈雪凝,广州,2024.06.14 周五 20:30,180-360,https://detail.damai.com/item.htm?id=791842231666&clicktitle=陈雪凝「我新长出的犄角」2024全国巡演广州站
【武汉】夏瀚宇2024 ENDLESS SUMMER无尽之夏个人巡演-武汉场,艺人：夏瀚宇,武汉,2024.06.22 周六 19:00,380-580,https://detail.damai.com/item.htm?id=796365020768&clicktitle=【武汉】夏瀚宇2024 ENDLESS SUMMER无尽之夏个人巡演-武汉场
2024 龙俊亨YONG JUN HYUNG CONCERT [Beautiful Dystopia] in HONG KONG,,中国香港,2024.06.29 周六 19:30,770-1510,https://detail.damai.com/item.htm?id=798087645377&clicktitle=2024 龙俊亨YONG JUN HYUNG CONCERT [Beautiful Dystopia] in HONG KONG
刘大壮  会不会3.0 心动如初”2024“全国巡演（西安站）,艺人：刘大壮,西安,2024.08.17 周六 20:00,168-298,https://detail.damai.com/item.htm?id=800905251548&clicktitle=刘大壮  会不会3.0 心动如初”2024“全国巡演（西安站）
关心妍“约”22周年巡回演唱会-东莞站,艺人：关心妍,东莞,2024.06.29 周六 19:30,288-888,https://detail.damai.com/item.htm?id=785031532323&clicktitle=关心妍“约”22周年巡回演唱会-东莞站
Chris James : Dopamine Overload 2024巡演 - 成都站,艺人：Chris James,成都,2024.08.10 周六 20:00,260-650,https://detail.damai.com/item.htm?id=798985658689&clicktitle=Chris James : Dopamine Overload 2024巡演 - 成都站
KPOPBOOM温州站｜千人KPOP超级派对,,温州,2024.07.14 周日 20:00,88-188,https://detail.damai.com/item.htm?id=802178700492&clicktitle=KPOPBOOM温州站｜千人KPOP超级派对
【重庆】2024艾怡良「不想忘记的名字们」巡演重庆站,艺人：艾怡良,重庆,2024.07.06 周六 19:30,239-439,https://detail.damai.com/item.htm?id=794069443320&clicktitle=【重庆】2024艾怡良「不想忘记的名字们」巡演重庆站
2024良渚古典音乐节 新魄力四重奏,,杭州,2024.07.19 周五 19:30,120-280,https://detail.damai.com/item.htm?id=799259998208&clicktitle=2024良渚古典音乐节 新魄力四重奏
2024 付思超「小人物」巡演-长沙站,,长沙,2024.06.29 周六 19:00,198-398,https://detail.damai.com/item.htm?id=801052518063&clicktitle=2024 付思超「小人物」巡演-长沙站
WILD DREAMS魔力舞蹈秀#Bubble Summer# 夏日芭啵（合肥站）,,合肥,2024.06.16-07.05,180-480,https://detail.damai.com/item.htm?id=800691460799&clicktitle=WILD DREAMS魔力舞蹈秀#Bubble Summer# 夏日芭啵（合肥站）
孟美岐2024「夏日岐遇」音乐会-广州站,艺人：孟美岐,广州,2024.06.22 周六 19:30,299-599,https://detail.damai.com/item.htm?id=789794667325&clicktitle=孟美岐2024「夏日岐遇」音乐会-广州站
活力大庆·时光音悦会第一季,,大庆,2024.06.15 周六 19:00,99-999,https://detail.damai.com/item.htm?id=796863533584&clicktitle=活力大庆·时光音悦会第一季
Chris James : Dopamine Overload 2024巡演 - 广州站,艺人：Chris James,广州,2024.08.13 周二 20:00,280-650,https://detail.damai.com/item.htm?id=799658512909&clicktitle=Chris James : Dopamine Overload 2024巡演 - 广州站
6|15 R3HAB上海ARES,,上海,2024.06.15-06.16,298-398,https://detail.damai.com/item.htm?id=802961218798&clicktitle=6|15 R3HAB上海ARES
燊野音乐节,,湖州,2024.06.29-06.30,58-328,https://detail.damai.com/item.htm?id=799362833604&clicktitle=燊野音乐节
Chris James : Dopamine Overload 2024 巡演-南京站,艺人：Chris James,南京,2024.08.04 周日 20:00,260-650,https://detail.damai.com/item.htm?id=799153175428&clicktitle=Chris James : Dopamine Overload 2024 巡演-南京站
POPMIX 武汉站 ｜Taylor Swift Fan Party 酒水畅饮霉粉派对,,武汉,2024.06.14 周五 19:30,98-228,https://detail.damai.com/item.htm?id=799301761511&clicktitle=POPMIX 武汉站 ｜Taylor Swift Fan Party 酒水畅饮霉粉派对
Only Friends Fan Meeting In Hong Kong,,中国香港,2024.06.15 周六 20:00,850-1800,https://detail.damai.com/item.htm?id=797910666632&clicktitle=Only Friends Fan Meeting In Hong Kong
贵阳·KpopZone贵阳站｜千人Kpop派对,,贵阳,2024.06.28 周五 20:00,88-238,https://detail.damai.com/item.htm?id=802343022946&clicktitle=贵阳·KpopZone贵阳站｜千人Kpop派对
【收官站】黄龄「五雷轰顶的花色」2024夏日限定-深圳站,艺人：黄龄,深圳,2024.07.13 周六 20:00,360-420,https://detail.damai.com/item.htm?id=794607629791&clicktitle=【收官站】黄龄「五雷轰顶的花色」2024夏日限定-深圳站
跨越二次元ACG神级动漫演唱会世界巡演——深圳站,,深圳,2024.07.19 周五 19:30,60-600,https://detail.damai.com/item.htm?id=794351025797&clicktitle=跨越二次元ACG神级动漫演唱会世界巡演——深圳站
牛奶咖啡·仙羽「猫在一起」LOVE TOUR + 升级版 巡回演唱会 宁波站,艺人：仙羽,宁波,2024.07.27 周六 20:00,220-588,https://detail.damai.com/item.htm?id=796409613774&clicktitle=牛奶咖啡·仙羽「猫在一起」LOVE TOUR + 升级版 巡回演唱会 宁波站
【厦门】[新闽南风]Double明「9.9周年纪念专场」2024厦门站,,厦门,2024.06.15 周六 20:00,9.9,https://detail.damai.com/item.htm?id=798819567401&clicktitle=【厦门】[新闽南风]Double明「9.9周年纪念专场」2024厦门站
恋恋不忘巡回演唱会,艺人：林志炫、杨宗纬、海来阿木、熊天平,南通,2024.06.29 周六 19:30,280-1736,https://detail.damai.com/item.htm?id=782394345598&clicktitle=恋恋不忘巡回演唱会
